<?xml version="1.0" encoding="UTF-8"?>
<project-private xmlns="http://www.netbeans.org/ns/project-private/1">
    <editor-bookmarks xmlns="http://www.netbeans.org/ns/editor-bookmarks/2" lastBookmarkId="0"/>
    <open-files xmlns="http://www.netbeans.org/ns/projectui-open-files/2">
        <group>
            <file>file://naspri02tsivz2.tcad.telia.se/TS-Home213$/rmq992/Documents/KTH/Internet%20Programming%20with%20Java/HW1/HW1/src/hw1_v2/CLIENT_THREAD.java</file>
            <file>file://naspri02tsivz2.tcad.telia.se/TS-Home213$/rmq992/Documents/KTH/Internet%20Programming%20with%20Java/HW1/HW1/src/hw1_v2/CLIENT_MAIN.java</file>
        </group>
    </open-files>
</project-private>
